FILENAME,CLASS
69590586,BACKDOOR
63396873,TROJAN
96290897,VIRUS
16242950,BOTNET
67051438,TROJAN
19581309,TROJAN
68342761,BOTNET
66887190,TROJAN
79645413,BOTNET
93238390,BACKDOOR
73430054,BOTNET
19250608,BOTNET
85513014,BACKDOOR
16792825,BACKDOOR
44657937,TROJAN
70720023,VIRUS
33577886,TROJAN
70896043,BACKDOOR
23808004,TROJAN
82078469,TROJAN
99648792,VIRUS
82370798,TROJAN
50440408,BOTNET
47729436,TROJAN
93982672,VIRUS
71238977,TROJAN
62036342,TROJAN
52899200,BACKDOOR
73928844,TROJAN
65094058,VIRUS
83557756,VIRUS
97143678,BOTNET
65902526,TROJAN
35201174,TROJAN
13968740,TROJAN
23630657,TROJAN
64491631,TROJAN
95123323,TROJAN
84416002,TROJAN
16337191,TROJAN
74323780,VIRUS
75881418,TROJAN
67949656,BOTNET
91504410,TROJAN
21242249,TROJAN
97931621,TROJAN
95493464,TROJAN
50304054,VIRUS
86629161,TROJAN
75274320,TROJAN
76122387,VIRUS
61293892,TROJAN
78151250,BOTNET
64714939,BOTNET
13615670,BOTNET
76291618,BOTNET
69619207,VIRUS
39151632,TROJAN
85957463,BOTNET
52503171,VIRUS
99035528,TROJAN
96884262,VIRUS
87525360,TROJAN
27950104,TROJAN
94114949,VIRUS
29447773,TROJAN
78458582,TROJAN
48237409,BOTNET
46875221,TROJAN
41009462,TROJAN
67977950,TROJAN
36458978,VIRUS
98074758,TROJAN
19740847,TROJAN
37701478,TROJAN
34798339,TROJAN
27065714,BACKDOOR
32062204,BOTNET
91458586,TROJAN
51795000,TROJAN
81754569,TROJAN
69369460,VIRUS
91722642,BOTNET
86520417,TROJAN
39691961,TROJAN
73728020,TROJAN
84294598,BACKDOOR
40552188,BOTNET
76145082,TROJAN
65022633,BOTNET
56944868,TROJAN
78892166,TROJAN
16876031,VIRUS
56887067,VIRUS
21565080,VIRUS
13273312,BOTNET
43751469,BACKDOOR
30376641,BOTNET
96833411,TROJAN
87472578,BOTNET
13278699,TROJAN
53439259,TROJAN
71254239,VIRUS
70001146,TROJAN
79039856,TROJAN
13869321,TROJAN
46812206,TROJAN
53164792,BOTNET
41710069,TROJAN
22454002,TROJAN
44976452,BACKDOOR
93098039,BOTNET
92914519,TROJAN
32788161,VIRUS
11095504,TROJAN
24547846,BOTNET
74586513,TROJAN
27081692,VIRUS
90607545,TROJAN
49187689,TROJAN
84590306,TROJAN
49774707,VIRUS
92938864,BOTNET
19670406,VIRUS
25131668,BOTNET
91000684,BACKDOOR
75840498,TROJAN
55359690,VIRUS
10114251,TROJAN
35372609,TROJAN
72539052,TROJAN
72370055,TROJAN
74933605,VIRUS
69270209,BOTNET
40843188,VIRUS
85761356,TROJAN
11375816,BOTNET
90958264,BOTNET
46317788,TROJAN
70193556,VIRUS
33135933,TROJAN
99536647,TROJAN
82808212,TROJAN
20377605,TROJAN
40373302,VIRUS
36813722,BOTNET
18296262,TROJAN
94957792,VIRUS
42938279,TROJAN
44485656,TROJAN
46943765,TROJAN
64613714,VIRUS
58193293,TROJAN
30457356,VIRUS
53960838,TROJAN
39674603,TROJAN
98913334,TROJAN
32570400,BOTNET
66318347,BOTNET
94464192,TROJAN
45563828,TROJAN
82876928,BOTNET
68011709,BOTNET
26097978,TROJAN
28338392,BOTNET
30502911,TROJAN
84910879,VIRUS
41295127,BACKDOOR
35086764,TROJAN
79139690,VIRUS
34117026,VIRUS
92489592,TROJAN
22352201,BOTNET
94375079,BACKDOOR
95953425,BOTNET
58731037,TROJAN
80556287,TROJAN
71081258,TROJAN
49791535,VIRUS
25282156,TROJAN
81319067,BOTNET
96140947,TROJAN
80110816,VIRUS
38789833,BOTNET
37696557,TROJAN
82945520,BOTNET
71873665,TROJAN
66613074,TROJAN
30547073,VIRUS
42445940,TROJAN
30917976,BOTNET
49342727,BOTNET
12075053,TROJAN
54323259,BACKDOOR
95820261,TROJAN
15055624,BACKDOOR
92876650,TROJAN
42389631,BOTNET
52287151,VIRUS
60126301,VIRUS
31414688,VIRUS
76214610,TROJAN
17176223,BACKDOOR
20841611,VIRUS
78060299,TROJAN
23163544,TROJAN
91899600,BOTNET
58450603,TROJAN
67051539,TROJAN
35504832,TROJAN
58700483,BOTNET
61059440,BOTNET
56116834,TROJAN
98413179,TROJAN
65612126,BOTNET
45291429,TROJAN
88380698,TROJAN
56073161,TROJAN
88590462,BOTNET
20507407,VIRUS
93697488,VIRUS
26697894,BOTNET
69549737,TROJAN
62624493,TROJAN
30983313,VIRUS
15605255,BACKDOOR
81900313,BACKDOOR
64623731,TROJAN
14810982,BOTNET
18595841,VIRUS
23813610,BACKDOOR
89336355,TROJAN
88842042,TROJAN
31010817,BOTNET
83041864,TROJAN
19705225,TROJAN
75908785,TROJAN
37577778,TROJAN
55703699,TROJAN
60955895,TROJAN
89239613,VIRUS
63959320,TROJAN
13235400,TROJAN
84914830,TROJAN
61969197,BACKDOOR
14286472,TROJAN
33912804,BOTNET
80913641,TROJAN
69676712,TROJAN
56188976,TROJAN
77754701,BOTNET
36575085,BOTNET
41264776,TROJAN
51969199,BOTNET
33143792,TROJAN
83679433,TROJAN
29689125,TROJAN
74945417,TROJAN
91754772,TROJAN
91583816,TROJAN
21302608,TROJAN
36187299,VIRUS
92660110,BOTNET
20121423,TROJAN
94462073,BACKDOOR
52865006,BACKDOOR
32216183,VIRUS
10663076,BOTNET
58641935,TROJAN
74607558,VIRUS
87727061,TROJAN
74512510,BACKDOOR
43712439,TROJAN
84855752,BOTNET
76617538,TROJAN
82907961,BOTNET
45930364,TROJAN
70190288,BACKDOOR
10182255,BOTNET
86442564,TROJAN
11133338,TROJAN
21538249,BOTNET
54757156,TROJAN
90833391,TROJAN
14608640,TROJAN
27043655,TROJAN
99995964,TROJAN
77434303,TROJAN
95394194,VIRUS
80094846,TROJAN
70399553,TROJAN
27252962,TROJAN
33967440,VIRUS
56008069,VIRUS
50709412,TROJAN
63849261,VIRUS
31212757,VIRUS
75653893,BACKDOOR
69651118,TROJAN
16171091,BOTNET
58300154,VIRUS
95199589,TROJAN
51669517,TROJAN
29291848,TROJAN
68544491,TROJAN
52370072,BACKDOOR
95284204,BOTNET
68172348,VIRUS
33104347,TROJAN
87084218,VIRUS
71213598,TROJAN
68603532,TROJAN
43545104,TROJAN
85741793,BOTNET
40521398,TROJAN
53162474,BOTNET
27024052,VIRUS
75170781,TROJAN
14597018,BOTNET
75935145,TROJAN
82744344,BOTNET
62254730,TROJAN
49685975,BACKDOOR
13375144,BOTNET
75997676,BACKDOOR
57183724,TROJAN
76847860,VIRUS
11264996,BACKDOOR
64898691,TROJAN
33260901,BOTNET
96251750,TROJAN
38969929,TROJAN
70289670,TROJAN
23983184,BACKDOOR
43783240,TROJAN
86821808,TROJAN
63771268,VIRUS
20246452,TROJAN
42043688,BOTNET
46373772,TROJAN
60264990,TROJAN
74863415,VIRUS
93409730,TROJAN
94991967,BOTNET
82414825,BOTNET
34742845,TROJAN
68126252,VIRUS
79417515,BACKDOOR
53579770,VIRUS
46995499,TROJAN
34850174,BOTNET
75785985,BOTNET
15741848,TROJAN
60183926,BACKDOOR
50617741,TROJAN
54837814,VIRUS
11105735,VIRUS
51467172,BOTNET
58133449,TROJAN
41781114,TROJAN
72904610,TROJAN
63838913,VIRUS
71993249,VIRUS
87045763,BACKDOOR
19559502,BACKDOOR
20271568,VIRUS
10819003,VIRUS
10597773,TROJAN
37582212,VIRUS
26266200,TROJAN
81352126,VIRUS
95156728,BACKDOOR
72017437,BACKDOOR
29101025,TROJAN
13211751,BACKDOOR
32590086,TROJAN
85732504,TROJAN
20961558,BOTNET
47830321,VIRUS
30185248,BOTNET
22472361,TROJAN
91790386,TROJAN
66962144,TROJAN
18097146,VIRUS
65761833,BOTNET
61900487,BACKDOOR
25702923,TROJAN
48958436,BOTNET
90059459,BACKDOOR
39681631,TROJAN
83315655,BOTNET
79475410,VIRUS
30633372,TROJAN
43769371,VIRUS
17172202,BOTNET
27254904,BOTNET
84251325,VIRUS
35729974,TROJAN
75362931,BOTNET
22105511,BOTNET
77810423,VIRUS
15043283,TROJAN
25789526,TROJAN
28972103,TROJAN
10160575,VIRUS
96746958,BOTNET
17827774,BACKDOOR
68840204,TROJAN
56124968,BOTNET
87877887,BOTNET
89184898,BOTNET
29815421,BOTNET
88528838,TROJAN
91850915,BOTNET
58951678,TROJAN
57196636,TROJAN
31932695,TROJAN
73283705,TROJAN
77564613,TROJAN
67761842,TROJAN
41848522,BACKDOOR
49174870,TROJAN
98717379,TROJAN
38956006,BACKDOOR
83539848,BACKDOOR
71824516,TROJAN
31212034,BACKDOOR
43912073,TROJAN
41360790,TROJAN
43077911,TROJAN
31831105,VIRUS
16474467,VIRUS
72595977,VIRUS
62551417,VIRUS
49911965,VIRUS
17095165,BACKDOOR
78034649,BACKDOOR
88313731,TROJAN
36944262,VIRUS
40178434,VIRUS
42074572,VIRUS
81665976,TROJAN
56957174,TROJAN
95981767,TROJAN
16972541,BOTNET
74366997,VIRUS
41822848,TROJAN
15548708,TROJAN
60759986,BOTNET
72641481,TROJAN
23227995,BACKDOOR
50112607,TROJAN
61280532,BOTNET
82445151,VIRUS
20564201,TROJAN
15768789,VIRUS
14369290,TROJAN
18309272,BACKDOOR
18371230,TROJAN
80651980,BOTNET
27957116,VIRUS
11670987,BOTNET
25472034,BACKDOOR
99570781,TROJAN
69740579,VIRUS
82944652,TROJAN
54708451,TROJAN
71015660,VIRUS
72927986,VIRUS
27562739,TROJAN
55334220,TROJAN
18148831,BOTNET
18430832,TROJAN
61144235,BOTNET
15515297,BOTNET
93630641,BOTNET
16038995,TROJAN
79678019,TROJAN
54109730,TROJAN
49708654,TROJAN
86743685,BACKDOOR
34722902,TROJAN
57572933,BOTNET
98222178,BOTNET
21112502,TROJAN
50639239,BOTNET
38948836,BOTNET
59881646,VIRUS
25640118,BOTNET
91678753,VIRUS
72410159,TROJAN
68028572,TROJAN
20042471,BOTNET
35299599,TROJAN
41907762,BOTNET
27212777,VIRUS
88968216,VIRUS
46983632,VIRUS
84324417,VIRUS
26802567,VIRUS
40648468,VIRUS
81863633,BOTNET
84794767,VIRUS
60744349,BOTNET
24571166,TROJAN
29740882,BACKDOOR
42527346,VIRUS
99242101,VIRUS
36465777,VIRUS
51640613,VIRUS
60894377,BOTNET
50680629,TROJAN
50404635,TROJAN
69220137,VIRUS
16519184,TROJAN
22607736,VIRUS
25308484,TROJAN
85728036,TROJAN
20559462,TROJAN
25195876,VIRUS
28818344,VIRUS
75546456,VIRUS
64845279,TROJAN
40968337,TROJAN
44839370,TROJAN
63599348,TROJAN
54123644,TROJAN
50088086,TROJAN
33587626,BOTNET
83446488,BOTNET
94033520,VIRUS
51862268,TROJAN
78908374,BACKDOOR
39638303,VIRUS
42378278,VIRUS
84834275,VIRUS
67036619,TROJAN
11236362,BACKDOOR
65689074,VIRUS
31314276,BOTNET
73713559,VIRUS
73753078,TROJAN
15982993,VIRUS
89789059,BOTNET
81105688,BOTNET
34398541,VIRUS
23564666,BACKDOOR
54812308,BOTNET
36924585,TROJAN
58987874,TROJAN
83040017,VIRUS
79240127,VIRUS
21160294,BOTNET
36506012,VIRUS
34571183,TROJAN
73249084,BOTNET
80886015,BACKDOOR
79697053,TROJAN
73224617,BACKDOOR
70588398,TROJAN
70322980,TROJAN
13389422,BACKDOOR
96342002,VIRUS
91896686,TROJAN
66528895,BACKDOOR
32849197,VIRUS
74366692,VIRUS
86471870,TROJAN
34831487,VIRUS
30241350,TROJAN
27697982,TROJAN
13796272,TROJAN
94471371,VIRUS
20573175,TROJAN
38309676,TROJAN
61516177,TROJAN
33467998,TROJAN
25504818,VIRUS
37973828,VIRUS
99495982,BOTNET
89535851,VIRUS
25315990,BACKDOOR
88242800,VIRUS
75874029,BOTNET
87060619,VIRUS
92356723,TROJAN
89755230,BACKDOOR
61233250,BACKDOOR
79597585,BACKDOOR
73024463,BOTNET
27351145,TROJAN
89439857,VIRUS
66004589,BOTNET
38517079,TROJAN
70551242,TROJAN
85846876,TROJAN
95151107,VIRUS
38872226,BACKDOOR
33141344,VIRUS
14596922,TROJAN
72850016,VIRUS
27393268,VIRUS
44663088,BOTNET
94103072,BOTNET
24658186,TROJAN
45020417,BOTNET
40374997,BOTNET
60615082,TROJAN
87338945,TROJAN
30400343,BOTNET
55556510,VIRUS
46381127,TROJAN
12436061,TROJAN
52772328,BOTNET
34041823,TROJAN
31981305,BOTNET
37231471,BOTNET
19353475,TROJAN
52709417,BOTNET
31888530,VIRUS
77964757,BOTNET
77812217,VIRUS
55598238,BACKDOOR
60264176,BACKDOOR
36489491,TROJAN
58116212,BOTNET
58257019,BOTNET
37699824,BOTNET
55236416,BACKDOOR
27799158,BOTNET
47633452,VIRUS
76050951,BOTNET
60570900,BOTNET
79547579,VIRUS
17804567,TROJAN
86493042,BACKDOOR
90959478,BOTNET
58367201,TROJAN
40742246,TROJAN
21692798,TROJAN
29560310,VIRUS
68031775,VIRUS
80823858,TROJAN
36672829,VIRUS
54380126,BOTNET
74185170,BOTNET
34821016,BOTNET
74999656,BOTNET
84485923,VIRUS
75108700,TROJAN
78308267,BACKDOOR
79283965,TROJAN
45326290,BACKDOOR
19380633,BACKDOOR
40810018,TROJAN
96420174,TROJAN
36745480,BOTNET
60710606,VIRUS
61709333,VIRUS
45948886,TROJAN
89424169,BOTNET
37234110,VIRUS
75727981,TROJAN
69069406,BOTNET
75813182,TROJAN
32668360,VIRUS
90041098,TROJAN
10640983,BOTNET
58898172,TROJAN
69579017,TROJAN
20594772,VIRUS
94535081,BOTNET
51841045,BACKDOOR
61743181,VIRUS
54269752,BACKDOOR
19024180,BOTNET
19494206,TROJAN
79785374,TROJAN
47010096,BACKDOOR
73291803,TROJAN
20571418,BOTNET
72417471,TROJAN
10909706,TROJAN
66036298,TROJAN
96983275,TROJAN
20489915,BOTNET
26762229,TROJAN
11690254,BOTNET
54983996,TROJAN
38807300,VIRUS
77397090,TROJAN
66511700,TROJAN
49224352,BOTNET
78178057,VIRUS
60925547,TROJAN
19927728,TROJAN
13247959,TROJAN
98501245,TROJAN
50505614,VIRUS
84486476,TROJAN
44157869,TROJAN
80770493,TROJAN
29466596,TROJAN
49231971,TROJAN
90563670,BOTNET
95482235,BOTNET
12550539,BACKDOOR
27180078,VIRUS
75460129,BACKDOOR
82786184,TROJAN
39050071,TROJAN
69630829,TROJAN
95846216,TROJAN
79512873,TROJAN
61066319,BACKDOOR
60944506,BOTNET
80296268,TROJAN
48250056,BACKDOOR
73376914,TROJAN
94409930,VIRUS
52441142,VIRUS
71972628,BOTNET
12349733,TROJAN
79444885,TROJAN
10583513,VIRUS
39502311,TROJAN
73448238,TROJAN
74620342,TROJAN
43194397,BACKDOOR
39639227,VIRUS
30719956,TROJAN
50685971,TROJAN
40333385,BACKDOOR
95177453,TROJAN
85171670,TROJAN
58191698,TROJAN
19528891,VIRUS
10510239,BOTNET
10580403,BOTNET
32421533,BOTNET
69521345,BACKDOOR
59402964,BOTNET
25102064,VIRUS
92863207,BACKDOOR
18985008,BOTNET
49575194,VIRUS
54203061,BACKDOOR
30310927,BACKDOOR
81857550,TROJAN
61283132,BACKDOOR
69090998,TROJAN
79417226,BOTNET
95189574,TROJAN
41081040,VIRUS
55984043,TROJAN
92633232,TROJAN
54845694,VIRUS
10734265,TROJAN
91990149,TROJAN
43676971,TROJAN
43347650,TROJAN
35443912,VIRUS
41935838,VIRUS
91687693,BACKDOOR
84567455,VIRUS
51986093,VIRUS
39927887,VIRUS
23450760,BOTNET
87349104,TROJAN
84005272,VIRUS
78691029,BACKDOOR
58668835,BOTNET
97409353,TROJAN
63304740,TROJAN
97118013,BOTNET
70271184,BOTNET
42101295,BOTNET
56246059,BACKDOOR
38472977,BOTNET
29704364,BOTNET
49008419,VIRUS
81803091,TROJAN
19758080,VIRUS
38232158,BOTNET
58636116,VIRUS
87923470,TROJAN
18436155,TROJAN
25805204,BOTNET
35189779,VIRUS
74626074,VIRUS
85623901,TROJAN
10800618,BOTNET
39078440,TROJAN
96004699,VIRUS
29460406,BOTNET
65995091,VIRUS
35798497,BOTNET
22862650,BACKDOOR
79229077,VIRUS
29606568,VIRUS
90646952,VIRUS
92628671,BACKDOOR
76606419,BOTNET
31388277,TROJAN
22400683,BOTNET
79477788,BOTNET
81488622,BOTNET
40057577,TROJAN
70812736,VIRUS
63533481,TROJAN
47191079,VIRUS
70090327,TROJAN
76840040,TROJAN
59813085,TROJAN
28381858,BOTNET
48659280,BOTNET
84775960,VIRUS
60333222,TROJAN
36546318,BACKDOOR
88465179,VIRUS
94809405,TROJAN
34013046,TROJAN
76468774,VIRUS
98235728,TROJAN
43475713,TROJAN
31027394,TROJAN
44489472,TROJAN
84050170,BACKDOOR
93535379,BACKDOOR
79044428,VIRUS
12021868,BOTNET
76371829,TROJAN
29172849,BOTNET
37118140,TROJAN
83252122,VIRUS
92222339,BACKDOOR
56512091,TROJAN
70111692,TROJAN
72288773,BOTNET
50099218,BACKDOOR
92114005,VIRUS
34570488,BOTNET
13938834,VIRUS
59326010,VIRUS
43444477,BOTNET
93415840,VIRUS
14512542,TROJAN
89260373,TROJAN
21321779,BACKDOOR
47965817,VIRUS
81672114,BOTNET
28767409,TROJAN
98522248,TROJAN
45214111,TROJAN
96172574,VIRUS
94577767,TROJAN
81436099,BOTNET
64948236,VIRUS
22033404,TROJAN
55670892,BACKDOOR
87364983,VIRUS
83793231,VIRUS
39417576,BOTNET
72453991,BACKDOOR
60172173,TROJAN
78463234,TROJAN
27373737,BOTNET
28025532,TROJAN
44901616,BOTNET
67793476,VIRUS
96060708,VIRUS
45336453,TROJAN
85370346,TROJAN
22724351,TROJAN
27011858,BACKDOOR
35968094,BACKDOOR
78881873,TROJAN
24760137,BACKDOOR
50004760,TROJAN
43162497,BOTNET
91295222,VIRUS
34385136,TROJAN
49254910,BOTNET
24289245,TROJAN
62637855,BOTNET
69867388,TROJAN
98221487,VIRUS
25516575,TROJAN
12229894,VIRUS
49597817,BOTNET
19568278,BACKDOOR
50348434,BOTNET
38342575,TROJAN
93047738,BOTNET
24037699,VIRUS
45271767,BOTNET
24324934,TROJAN
71344764,TROJAN
69824265,VIRUS
25747945,VIRUS
23692107,BOTNET
72875546,TROJAN
82139679,TROJAN
33136173,TROJAN
65787988,BACKDOOR
70331154,VIRUS
20883275,VIRUS
51270075,VIRUS
14220676,VIRUS
51702849,BACKDOOR
91516814,TROJAN
73057093,BOTNET
44497146,TROJAN
65725356,BACKDOOR
32989541,TROJAN
63903173,TROJAN
27798205,BOTNET
94095995,VIRUS
14652757,TROJAN
80363721,TROJAN
29638951,TROJAN
92492922,BOTNET
65514126,TROJAN
93902236,VIRUS
76585671,TROJAN
96224951,BOTNET
35864755,TROJAN
67506999,VIRUS
96055104,TROJAN
17744603,VIRUS
77893756,BOTNET
72742315,TROJAN
78209799,VIRUS
19244125,BOTNET
51027384,BOTNET
30355626,VIRUS
41824425,BACKDOOR
47435898,VIRUS
76083561,TROJAN
43854680,TROJAN
81743700,BOTNET
31832412,VIRUS
73875121,TROJAN
10354355,TROJAN
53606670,TROJAN
38224203,TROJAN
59231188,BACKDOOR
56562726,TROJAN
45452999,BOTNET
70802487,TROJAN
94419870,TROJAN
60135159,VIRUS
45362776,TROJAN
53340151,VIRUS
78879195,VIRUS
59977094,VIRUS
33119587,TROJAN
23371423,VIRUS
95726650,TROJAN
28801077,TROJAN
55498801,TROJAN
59568793,BOTNET
52816500,TROJAN
21198655,TROJAN
12274586,TROJAN
15461026,BACKDOOR
68374339,TROJAN
26127984,TROJAN
61608961,TROJAN
53787519,BOTNET
15290913,TROJAN
50166831,TROJAN
46595273,TROJAN
56535004,VIRUS
35751129,BOTNET
79331248,TROJAN
42252220,TROJAN
17468215,TROJAN
55746443,BACKDOOR
44462177,TROJAN
30368313,BACKDOOR
81185379,BACKDOOR
10440067,VIRUS
19715304,BOTNET
74804647,VIRUS
95862136,BACKDOOR
81143082,TROJAN
78880366,TROJAN
93311502,VIRUS
42601062,VIRUS
48467488,TROJAN
97105081,BOTNET
57948834,TROJAN
35406969,TROJAN
99096749,VIRUS
29669670,VIRUS
60970687,TROJAN
65441510,TROJAN
70454347,BOTNET
87322597,BOTNET
11309671,TROJAN
46472117,TROJAN
59697692,TROJAN
72628193,VIRUS
39062549,BOTNET
20496960,TROJAN
38924192,VIRUS
24651188,BOTNET
84744236,TROJAN
56956873,NOTELF
37283127,NOTELF
36122210,NOTELF
28619861,NOTELF
73657217,NOTELF
56441141,NOTELF
73059963,NOTELF
87630235,NOTELF
51468948,NOTELF
85491859,NOTELF
97036994,NOTELF
98519076,NOTELF
76813812,NOTELF
49462725,NOTELF
43054417,NOTELF
27659708,NOTELF
13599538,NOTELF
67290935,NOTELF
31340297,NOTELF
69853106,NOTELF
85322049,NOTELF
93287000,NOTELF
79072124,NOTELF
94259999,NOTELF
32793895,NOTELF
83624655,NOTELF
21713313,NOTELF
82868708,NOTELF
36491005,NOTELF
62243156,NOTELF
44516887,NOTELF
72345392,NOTELF
64629014,NOTELF
53754428,NOTELF
44480788,NOTELF
64315881,NOTELF
95471992,NOTELF
57952677,NOTELF
95665422,NOTELF
76041033,NOTELF
87840769,NOTELF
16370044,NOTELF
